{"cameraMode":{"drawMode":0,"name":"Shaded","section":"Shading Mode"},"sceneLighting":false,"audioPlay":false,"sceneViewState":{"m_AlwaysRefresh":false,"showFog":true,"showSkybox":false,"showFlares":true,"showImageEffects":true,"showParticleSystems":true,"showVisualEffectGraphs":true,"m_FxEnabled":true},"in2DMode":false,"pivot":{"x":-0.011922746896743775,"y":-2.159590244293213,"z":2.5917375087738039},"rotation":{"x":-0.6106730699539185,"y":0.055652789771556857,"z":-0.04313359782099724,"w":-0.7887834906578064},"size":28.53425407409668,"orthographic":false}