{"cameraMode":{"drawMode":0,"name":"Shaded","section":"Shading Mode"},"sceneLighting":true,"audioPlay":false,"sceneViewState":{"m_AlwaysRefresh":false,"showFog":true,"showSkybox":true,"showFlares":true,"showImageEffects":true,"showParticleSystems":true,"showVisualEffectGraphs":true,"m_FxEnabled":true},"in2DMode":false,"pivot":{"x":-38.711219787597659,"y":5.299053192138672,"z":27.725406646728517},"rotation":{"x":-0.07697823643684387,"y":0.4679374694824219,"z":-0.040968913584947589,"w":-0.8794805407524109},"size":36.67838668823242,"orthographic":false}